# Which corpus groups exercise each language-spec section. Judgment mapping,
# made by reading each section and confirming against fixtures; regenerate by
# re-reading, not by name-matching. NONE is a finding. Read by tools/progress.py.
spec_file	heading	class	pass_groups	fail_groups	note
assembly	Blocks and assertions	advanced	inline_asm	inline_asm	pass: asm_where_exact_clobbers_compile (requires/ensures/exact clobber set), asm_multi_instruction_block_compile; fail: asm_where_missing_clobber, asm_where_extra_clobber, asm_where_contract, asm_serialize_rejects_clobber_contract
assembly	Instruction obligations	advanced	inline_asm	inline_asm,ports	pass: asm_cache_maintenance_compile (reaches MachineControl), asm_msr_compile, asm_machine_control_wrapper_reach (helper cannot drop requirements); fail: asm_*_requires_machine_authority, asm_service_import_required, asm_port_io_service_required, ports/asm_port_in_unsettled
assembly	Control flow and machine state	advanced	inline_asm	inline_asm	pass: asm_block_jmp_state (jmp to an Omega state), asm_flags_compile, asm_control_registers_compile, asm_interrupt_control_compile; fail: asm_hidden_return, asm_label_loop, asm_deriver_only_exit, asm_popfq_requires_saved_place. Final machine-state evidence / floating-control restoration under asm untested
assembly	Hardware memory	advanced	inline_asm,memory	inline_asm,core	pass: asm_memory_transfer_compile (ldr/str on typed places), asm_cache_maintenance_compile, asm_port_out_final_validation, memory/address_translation_canary (TLB shootdown debt on unmap); fail: asm_mov_bracket_memory (integer address grants no authority), asm_lidt_deriver_only, core/translation_shootdown_scope_loss, translation_unmap_before_activation
concurrency	Atomic operations	advanced	atomics,core	atomics,core	pass: runtime_atomic_{load_store,swap,fetch_add,fetch_sub,fetch_and,fetch_or,fetch_xor,compare_exchange}_exit, shared_receiver_atomic_store, core/atomic_outcomes_core_surface (all outcome sums incl. Uncommitted, zero tag = Mismatched); fail: atomics/shared_receiver_plain_field_write, core/atomic_outcome_key_parameter_rejected
concurrency	Orderings	advanced	atomics	atomics	pass: atomic_global_order_operations (NoOrdering/Receive/Publish/ReceivePublish/GlobalOrder, separate CAS success/failure); fail: atomic_compare_exchange_failure_publish_rejected, _failure_stronger_rejected, atomic_load_publish_ordering_rejected, atomic_store_receive_ordering_rejected, atomic_unknown_ordering_rejected, atomic_legacy_ordering_rejected
concurrency	Fences and participants	advanced	inline_asm	NONE	PARTIAL: only the ISA-barrier paragraph is exercised (inline_asm/asm_fences_compile: lfence/sfence/mfence contracts). No fixture uses Atomic::fence, FenceOrdering, or interruption_fence; the fence-synchronization rules are untested
concurrency	Protocol proofs	advanced	NONE	NONE	No fixture states linearizability/FIFO/no-lost-wakeup or waits-for/owns/releases edges. fail/concurrency mutex_lock_guard and barrier_wait_contract only pin that Mutex/Barrier library types are absent (unknown generic type), not this rule. Straddles meta
conformances	Declaration and selection	typical	traits,providers,generics	traits,generics	pass: runtime_conformance_item_exit (`Circle satisfies Shape;` named map, explicit selection), trait_declaration_bundle, generic_trait_parameter, providers/adapter_satisfies_compile, generics/nominal_machine_parameter_satisfaction_compile; fail: traits/conformance_item_unknown_trait, trait_satisfies_{unknown,arity_mismatch,missing_machine}, generics/nominal_binder_implicit_selection_rejected (no ambient selection). Conformance-application lifetime elision untested
conformances	Complete row identity	typical	traits,proofs	traits	pass: trait_header_parent_composition (`: Resettable + Policy<C>`), trait_composition_satisfies, boundary_policy_and_service_parents (boundary parents), dyn_finite_family_dispatch (reference row `Shape::code = Item::code`, finite-family rows), proofs/quotient_lift_managed_compile (reference rows); fail: ordinary_trait_inherits_boundary, conformance_item_missing_member, trait_composition_missing_requirement, dyn_finite_family_non_member, generic_trait_default_binding_mismatch
conformances	Exact requirement edges	typical	traits,providers,capabilities,float	traits,domains,generics,providers	pass: ring_requirement_satisfies_exit (`satisfies Trait::req as Name`, no whole-map claim), providers/adapter_satisfies_compile, capabilities/external_leaf_binding_forms, float/named_requirement_fused_multiply_add_exit; fail: traits/free_machine_bare_satisfies_rejected, ring_requirement_unknown_rejected, domains/signature_free_requirement_route_overloaded, generics/signature_free_nominal_binder_overloaded, providers/via_requires_satisfies. Test-group registration untested
conformances	Transparent refinements	typical	traits	traits	pass: transparent_refinement_declaration (`trait LocalLogger = Logger { machine * suspends false; ... }`); fail: transparent_refinement_widening_axis, transparent_refinement_satisfies_rejected, transparent_refinement_conformance_target, transparent_refinement_unknown_requirement
conformances	Core equality acquisition	typical	traits,data	traits,data,expressions	pass: equatable_sum_payload_equality_exit, equatable_record_equality_exit, equatable_erased_field_record_exit, equatable_string_field_equality_exit, data/payload_less_case_equality; fail: traits/equatable_field_not_equatable, equatable_recursive_type, equatable_missing_conformance_suggested, equatable_all_erased_record_rejected, data/bare_payload_case_equality_*, expressions/cross_type_equality_rejected
constants	Evaluation	core	constants,modules,comptime	constants,modules	pass: constants/const_computed_initializer (60 + 10), modules/computed_constant_initializers (7 / 2 * 2 exact rational, match in initializer), machine_constant_initializers, comptime/runtime_const_array_length_exit; fail: modules/match_initializer_fraction, constants/affine_rational_named_constant (copy eligibility), const_shadows_case, const_free_floating_rejected
constants	Materialization	meta	constants,relevance	proofs,data,constants	pass: constants/runtime_free_const_exit, runtime_scoped_const_exit (constants realized as runtime bytes), relevance/erased_parameter_proof_only (proof-only value occupies no runtime bytes); fail: proofs/float_meaning_runtime_consumption_rejected, core_nat_runtime_consumption_rejected, data/proof_only_runtime_property_rejected, constants/unused_array_constant_shape. NaN-payload and quotient-representative materialization untested
counts_and_addresses	Separate roles	core	types	types	pass: runtime_addr_algebra_exit (addr - count, addr - addr -> u64, ordering), runtime_addr_field_exit, runtime_addr_value_flow_exit; fail: usize_rejected, isize_rejected, addr_plus_addr_rejected
counts_and_addresses	Bounds and lowering	core	slices,collections,arithmetic,ranges,range	slices,collections,arithmetic,ranges	pass: slices/guarded_slice_parameter_index_compile, runtime_signed_index_guarded_exit, collections/runtime_declared_range_index_read_exit, arithmetic/exact_integer_cast_proven, narrowing_flow_and_widen_permitted, range/runtime_guarded_runtime_index_increment_exit; fail: slices/slice_parameter_index_unproven, collections/u64_high_bit_index_rejected, computed_index_unproven_rejected, fixed_vec_get_past_length (live length not capacity), arithmetic/narrowing_*_unproven, ranges/index_signed_guard_below_zero. The no_wrap 2^32 boundary example untested
counts_and_addresses	Nominal index qualifications	typical	NONE	collections	No fixture qualifies an index carrier nominally (room index vs item index). fail/collections/fixed_vec_get_past_length and vec_invalidated_loan_after_growth pin only the 'shrunk/live bound must be re-established' half; the nominal-tag-never-licenses-stale-access rule is untested
data_and_literals	Construction and case identity	core	data,control_flow,structs	data	pass: case_payload_native_construction, case_payload_declaration, runtime_case_reassignment_exit, runtime_data_properties_exit, control_flow/sum_field_storage_roundtrip, structs/runtime_nested_struct_construction_exit; fail: field_default_retired, struct_literal_duplicate_field_rejected, case_payload_malformed, mixed_record_literal, mixed_payload_field_shadows_common, construction_field_shape_mismatch_rejected
data_and_literals	Case constraints	typical	dependent	dependent	pass: case_where_bound_literal_proves, case_where_generic_type_bound, case_where_match_arm_facts, case_where_zero_decided_first_case, case_where_linear_payload_moves; fail: case_where_reversed_bound_rejected, case_where_sibling_payload_scope, case_where_generic_type_bound_rejected, case_where_unproved_bound_rejected, case_where_zero_refuted_first_case_rejected
data_and_literals	Lexical profile	core	parser	parse,parser,data	PARTIAL: parser/invariant_is_an_identifier (identifier grammar, `invariant` not reserved), deep_nesting_within_limit; fail: parse/machine_clause_garbage_rejected, parser/nesting_exceeds_max_depth, data/builtin_type_name_shadow. No fixture rejects Unicode identifiers or non-ASCII whitespace
data_and_literals	Quoted bytes	core	collections,text,filesystem	data	pass: collections/zero_length_byte_array_admission (`\"\"` into [u8; 0], exact-length copy), text/runtime_utf16_literal_exit (\\r \\n \\0 escapes ride the decoder), filesystem/native_errno (\\n in literal args); fail: data/zero_length_byte_literal_length_rejected (no truncation/padding). \\xNN, \\\" escapes and codepoint-escape rejection untested
dependent_values	Static indices and runtime witnesses	typical	generics,dependent,layouts	generics,dependent	pass: generics/value_generic_runtime_argument (runtime-capable binder is not a static key), dependent/runtime_sibling_len_index_exit (stored witness `index < items.len`), layouts/runtime_plan_laid_tiled_record_nested_array_view_exit (count/stride view geometry); fail: generics/const_generic_runtime_argument, dependent/sibling_len_unknown_sibling_rejected, sibling_len_arg_unrelated_rejected
dependent_values	Establishment and witness loans	typical	dependent,domains	dependent	pass: data_where_witness_write_after_borrow_compile, state_arrival_contract_guarded_compile, data_where_callee_establishes, domains/semantic_cast_guard_chain_mint (guard establishes); fail: data_where_live_borrow_pins_witness_rejected, data_where_borrow_during_window_rejected, state_arrival_contract_unproven_rejected, dependent_forward_after_write_rejected
dependent_values	Default domains and zero initialization	core	dependent,data,core,ownership	dependent,arithmetic,data	pass: data_where_zero_satisfying, data_where_gated_construction_compile, case_where_zero_decided_first_case, data/case_first_payload_zero_established, core/zii_default_composite_exit (zero sum = first case), ownership/linear_zero_storage_unestablished; fail: data_where_gated_field_omitted_rejected, data_where_literal_violates, arithmetic/zii_range_excludes_zero_rejected, data/property_zero_init_retired. Binding<R> custody gate untested
dependent_values	Invariant windows	typical	dependent,constraints	dependent,constraints,parse,relax	pass: data_where_invariant_window_restored_exit, data_where_window_closes, indexed_data_where_window_restored_exit, nested_data_where_window_restored_exit, data_where_field_read_during_window_compile; fail: data_where_invariant_window_unclosed_rejected, *_window_unclosed_*, data_where_whole_read_during_window_rejected, constraints/finite_window_open_at_consumption, parse/relax_retired, relax/retired_relax_statement, retired_relaxed_reference (not a source `relax` mode)
dependent_values	Mutation frames	typical	dependent,domains	dependent,domains	pass: call_frame_preserves_disjoint_fact_compile, transition_call_frame_preserves_disjoint_fact_compile, loop_invariant_survives_disjoint_sibling_call_compile, domains/call_requires_preserved_across_disjoint_mutation; fail: call_frame_invalidates_written_fact_rejected, loop_invariant_invalidated_by_sibling_call_rejected, domains/call_requires_invalidated_by_mutation, indexed_domain_requires_invalidated_by_unknown_index_mutation (conservative ceiling)
domains	Declaration and membership	typical	domains,text,constraints	domains	pass: bodyless_domain_declarations_exit, boolean_member_predicate, user_authored_predicate_machine, scalar_domain_issuer_route (`established by`), module_domain_narrow_import_spelling, text/utf8_boundary_established, constraints/guarded_callee_result_bounds (ensures facts need no local annotation); fail: domain_non_boolean_fact, nonboolean_member_predicate, domain_param_requires_membership, bodyless_nonowner_establishment, domain_import_unknown, module_domain_broad_import_hides_leaf, type_constraint_unknown_domain
domains	Refinement and executable membership	typical	domains,data	domains,data	pass: refinement_chain_predicates (A::B::C), executable_domain_membership_{union,intersection}_{guard,value}_exit, match_domain_patterns, if_domain_membership_check, data/match_exhaustive_by_case_union_domain; fail: refinement_chain_alias_rejected, domain_pattern_payload_binding_rejected, data/match_predicate_domain_needs_default, domains/domain_when_clause_retired. Uninhabited-domain declaration legality untested
domains	Exact coercion and erasure	typical	domains,arithmetic	domains,arithmetic	pass: explicit_domain_erasure (predicate forgotten implicitly, semantic needs bare `as`), vacuous_domain_qualification, semantic_cast_{literal,range,guard_chain}_mint, arithmetic/exact_integer_cast_proven, runtime_integer_casts_exit; fail: implicit_semantic_domain_*_weakening, implicit_alias_semantic_weakening, routed_domain_as_rejected, semantic_cast_requires_missing, semantic_cast_fact_false, arithmetic/narrowing_signedness_rejected, exact_integer_cast_unproven
domains	Semantic roles and operators	typical	domains,expressions,operators	domains,constraints,expressions,arithmetic	pass: domain_operator_proven_fact_selects_meaning, domain_operator_inactive_same_carrier_coexists, runtime_result_domain_attached_overload_exit (result-domain overloads), expressions/arithmetic_domain_*_exit, operators/domain_operator_declaration_surface; fail: domain_operator_competing_spelling_meanings, result_domain_overload_duplicate_predicate, result_domain_overload_semantic_weakening, implicit_arithmetic_policy_weakening, constraints/multiple_policy_domain_chain, expressions/match_mixed_result_policies, arithmetic/wrapping_target_plain_operands_rejected
domains	Aliases and identity	typical	domains	domains	pass: transparent_alias_expansion (`Usable = Connected & Authenticated` in types, contracts, executable tests), vacuous_domain_qualification (`Distance = Km`); fail: domain_alias_cycle, domain_alias_publishes_private_constituent, domain_alias_wrong_target, domain_alias_reports_atomic_requirement, domain_alias_unknown
domains	Indexed families	advanced	generics,contracts,expressions	generics,contracts	pass: generics/closed_indexed_quantity, runtime_std_units_exit (Quantity<Units::X> per-pair operators), open_computed_quantity_result (licensed AC normalization via selected conformance), contracts/proof_fact_indexed_domain_application (fixed carrier Resident<P, T>); fail: generics/closed_indexed_domain_{wrong_arity,wrong_type,unknown_const,noncanonical_rat}, closed_indexed_qualification_*, std_units_implicit_cross_index, contracts/proof_fact_indexed_domain_application_{arity,mismatch,unevidenced}
domains	Byte containers and encoding domains	typical	text,domains,wire	text,capabilities	pass: text/utf8_boundary_established, no_nul_boundary_established, domain_forget_validate_transitions, runtime_bounded_carrier_*_exit (capacity carriers), domains/utf8_slice_ops, utf8_return_view_equals_exit, wire/runtime_wire_utf8_invalid_refused_exit (schema-requested encoding validation); fail: text/bounded_carrier_construction_over_capacity_rejected, bounded_carrier_growth_overflow_rejected, bounded_carrier_return_over_capacity_rejected, capabilities/native_bounded_text_external_leaf_rejected
effects	Declarations	typical	capabilities,effects,concurrency,drops	capabilities,build,effects	pass: capabilities/uses_caller_capability_requires, boundary_trait_multiple_effects, declared_synchronous_invocation (`invokes`), concurrency/suspend_after_last_use_compile (`suspends;`), drops/machine_effects_annotation; fail: capabilities/unknown_effect_name, effect_outside_trait_requirement, build/build_effects_undeclared, effects/private_boundary_missing_service_reach (direct boundary use must declare reaches)
effects	Process-exit reach	core	host	NONE	pass: host/process_exit_i32_status (`reaches ProcessExit` ceiling with Service<ProcessExit> authority; console grants none); no fail fixture calls exit_process without ProcessExit reach or authority (the fail-side ProcessExit hits are unrelated providers fixtures)
effects	Recoverable outcomes and strict use	core	errors,calls,filesystem,collections	calls	pass: errors/fallible_result_data_shape (result sum, exhaustive arms), calls/pure_discard_warns_compile, runtime_explicit_discard_executes_exit (`_ = call();`), filesystem/native_enum_result, collections/std_option_runtime_match_exit; fail: calls/discarded_call_result, discarded_trait_call_result, void_value_callee_rejected
effects	Normalization and composition	typical	capabilities,effects	capabilities,effects	pass: capabilities/transitive_effect_inference (wrappers propagate reach), provider_within_ceiling, derives_through_helper, effects/exported_wrapper_service_reach; fail: capabilities/effect_ceiling_exceeded, provider_widens_requirement_ceiling, provider_hidden_extra_effect, blocking_beneath_no_block_root, effects/private_boundary_missing_service_reach. Boundary-parent closure is only declared (traits/boundary_policy_and_service_parents), not asserted; selected-product exclusions untested
effects	Static callback reach dependencies	advanced	effects	effects	pass: nominal_callback_const_reach (reach(Step) specialized to empty admits const eval), structural_callback_reach, generic_callback_schema_reach, nominal_callback_dependency; fail: nominal_callback_console_const_reach, structural_callback_fixed_const_reach
effects	Direct synchronous invocation	advanced	capabilities,effects,targets	capabilities	pass: capabilities/declared_synchronous_invocation (`invokes handler;` refined through a helper-forwarded provider), effects/exported_wrapper_service_reach (`invokes Readable;`), targets/efi_vtable_call, efi_two_table_function_leaves (invokes on EFI roots); fail: cyclic_synchronous_invocation, undeclared_synchronous_invocation
effects	Call-site acknowledgements	typical	concurrency,core,blockexec,tasks	concurrency,capabilities	pass: concurrency/suspend_after_last_use_compile (`suspend x.park()` as a statement), core/wait_wake_boundary_surface (`block ... wait` as let RHS), tasks/task_runtime_machine_selection_compile, blockexec/blocking_executor_custody_claims_compile; fail: concurrency/suspend_call_argument_rejected, suspend_later_operand_rejected (position rules), suspend_live_value_rejected, suspend_self_field_reachable_state_rejected, capabilities/blocking_beneath_no_block_root
effects	Guarded crashes	typical	operators,terminal_psi,errors	operators	pass: operators/crash_routes (`crashes Trap !(right >= 0)` route guard, wrapper `crashes Trap`), terminal_psi/member_crash_contract_boundary (member route guard), errors/trap_unrecoverable_statement (`crash Trap;`); fail: operators/selected_crash_invocation. Recovery/execution-domain subsection untested
effects	Published identity and installation rows	advanced	memory	NONE	pass: memory/secondary_processor_canary (cathedral/processor_startup.omg `reaches <= MachineControl;` installation-bound row); no fail fixture. Normalizer identity rules are meta and untested
evaluation	Invocation admission	meta	comptime,effects,modules,generics	comptime,generics,effects	pass: comptime/provider_boundary_range_endpoint_exit (selected provider body runs in const eval, not builtin token meaning), runtime_const_array_length_exit, effects/nominal_callback_const_reach (specialized reach admits), modules/machine_constant_initializers, generics/runtime_const_data_machine_call_exit; fail: comptime/effectful_const_array_length, unknown_const_array_length, generics/const_data_machine_call_requires_pure, const_data_expression_division_by_zero, effects/nominal_callback_console_const_reach
evaluation	Termination and sponsorship	meta	comptime	comptime	pass: runtime_const_measured_recursion_exit (`terminates by` callee evaluated under fuel); fail: fuel_exhausted_const_array_length (step budget = build-resource error, no hang). Sponsor budgets, receipts, and peak-cell accounting untested
evaluation	Target-semantic capsule	meta	float	NONE	pass: float/build_runtime_semantics_twins{,_windows_x64,_x86_baseline} (const-eval FloatSemantics equals runtime result), foreign_control_state_restore; no fixture uses a target observation (address bound, endianness) or a selected-realization dependency. Straddles advanced
evaluation	Canonical static identities	meta	generics,modules	generics,modules	pass: generics/structured_const_canonical_identity (field-order-independent record atom), structured_const_canonical_rat, modules/match_constant_indices, rational_boolean_indices, compound_constant_indices; fail: generics/structured_const_rat_{unreduced,uncancelled,zero_denominator}, structured_const_ineligible_float_field, closed_indexed_domain_noncanonical_rat, modules/rational_boolean_index_undefined
evaluation	Result caching and published evidence	meta	NONE	NONE	No fixture observes ResultKey/UsageRecord caching, warm/cold charge equivalence, or published carrierless evidence reuse
evaluation	Trait bodies and generators	typical	traits,data,control_flow	traits,data,control_flow	pass: traits/default_machine_in_trait, runtime_trait_default_dispatch_exit, runtime_inherited_trait_default_exit, data/record_pattern_let_exit (exhaustive destructuring, `as`, `as _`), control_flow/record_pattern_arm_rename_guard_exit; fail: traits/default_keyword_retired, inherited_default_ambiguous, inherited_default_reabstracted, data/record_pattern_missing_field, control_flow/nonplace_record_pattern_requires_copy. Reflection-generator paragraphs untested
expressions	Evaluation schedule	core	control_flow,calls,operators,expressions	operators,control_flow	pass: control_flow/transition_operand_schedule (&&/|| short-circuit and path facts), runtime_effectful_subject_single_evaluation_exit, runtime_nonplace_record_pattern_single_evaluation_exit, calls/runtime_transition_subject_call_single_evaluation_exit, operators/operand_requires_after_effects, expressions/runtime_flat_boolean_logic_exit; fail: operators/operand_requires_invalidated, control_flow/transition_fall_through_bool
expressions	Calls, places, and temporaries	core	calls,parameters,references,storage	calls,ownership,borrows	pass: calls/runtime_mut_ref_forward_exit (explicit `&mut` at non-receiver args), runtime_let_mut_reassign_exit, parameters/shared_and_mut_borrow_params_compile, references/runtime_shared_ref_param_guard_exit, storage/runtime_alias_field_integer; fail: calls/immutable_arg_for_mut_param_rejected, plain_let_reassign_rejected, ownership/assign_immutable_parameter, borrows/borrow_mut_literal (temporary lending)
expressions	Operator declarations	typical	operators,expressions,providers,domains,generics	operators,expressions,domains,float,termination	pass: expressions/token_bound_machine_operand_selection (`machine + Wrapped::add`, token and named call share one body), operators/core_operator_declaration_surface, domain_operator_overload_signature_compile, providers/checked_boundary_operator_dispatch_exit (executable supply via provider), domains/domain_operator_spelling_selected, generics/open_computed_quantity_result (trait-bound `operator +`); fail: operators/root_operator_duplicate, root_operator_alpha_equivalent_generic_duplicate, root_operator_return_only_overload, domain_operator_reordered_generic_duplicate, expressions/token_bound_machine_duplicate_shape_rejected, token_bound_machine_foreign_family_rejected, domains/domain_operator_competing_spelling_meanings, float/float_semantics_lookalike_grants_no_primitive, termination/nat_descending_lookalike_grants_no_primitive (compiler ownership)
expressions	Indexing and ranges	core	slices,operators,collections	slices,ranges,collections	pass: slices/subslice_range_surface_compile, inclusive_subslice_end_equals_len_minus_one_compile, full_range_subslice_compile, disjoint_mut_subslice_windows_compile, operators/slice_index_via_spelling_compile, slice_index_bounds_from_operator_contract (receiver borrowing through `[]`), collections/runtime_computed_index_direct_exit; fail: slices/invalid_inclusive_subslice_end_at_len_unchecked, overlapping_mut_subslice_windows_rejected, index_operator_contract_unproven, subslice_range_operator_contract_unproven, ranges/index_read_after_increment_oob, collections/computed_index_unproven_rejected
generics	Applications and specialization	typical	generics	generics	pass: generic_data_instantiation, runtime_generic_two_instantiations_exit, runtime_generic_multiple_specializations_exit, runtime_generic_domain_instantiations_exit, generic_machine_call_monomorphization, runtime_generic_param_position_inference_exit; fail: type_parameter_array_length, const_data_forwarded_type_mismatch, const_data_argument_out_of_range, const_application_type_parameter_destination_rejected
generics	Value binders and const requirements	advanced	generics	generics	pass: value_generic_static_specialization (`Count: u32` vs `const`), value_generic_runtime_argument, value_generic_runtime_result_bound, runtime_const_data_where_fact_exit; fail: value_generic_runtime_requires_unproven, value_generic_static_argument_out_of_range, const_generic_runtime_argument, const_machine_destination_not_inferred
generics	Runtime index identity and storage	advanced	generics	generics	pass: value_generic_runtime_argument (reassigning the source does not retag), runtime_const_container_methods_exit; fail: value_generic_runtime_static_length (static-only use of dynamic binder), value_generic_linear_subject_dropped/duplicated (indexing cannot erase/duplicate custody), value_generic_runtime_subject_out_of_range
generics	Static type equality	typical	generics,dependent	generics,dependent	pass: machine_type_equations (`where Length == u64[0..=Capacity]`), dependent/case_where_generic_type_bound, case_where_generic_type_bound_coverage; fail: dependent/case_where_generic_type_bound_rejected, case_where_generic_type_bound_uncovered, generics/colon_bound_rejected. Boolean-connective type disjunctions as static branches only via the finite family (row 61)
generics	Structural type equations and inference	advanced	generics	generics	pass: omitted_data_binder_range_equation (TinyBytes Capacity recovered from `u64[0..=256]`), declared_range_endpoint_inference; fail: omitted_data_binder_{empty_interval,explicit_conflict,kind_mismatch,missing_range_shell,occurs_cycle,repeat_conflict,underdetermined}
generics	Canonical domain-index matching	advanced	generics	generics	pass: declared_range_endpoint_inference (`0..=128 + 128` is the `256` application), declared_range_endpoint_static_applications, closed_indexed_quantity; fail: closed_indexed_domain_noncanonical_rat, declared_range_endpoint_template_bound_unclosable_rejected, declared_range_endpoint_partial_static_application_rejected
generics	Explicitly derived bounded storage	advanced	generics	generics	pass: omitted_data_binder_range_equation (`storage: [u8; Capacity]` backed by the explicit static argument), runtime_const_data_array_length_exit; fail: negative_const_data_argument_unsigned, non_integer_const_array_length. Element-count-not-inhabitants and stack-fit rules untested
generics	Finite specialization boundary	advanced	traits	traits	pass: traits/dyn_finite_family_dispatch (`where Width == 16 || Width == 32`, every roster tuple materialized); fail: traits/dyn_finite_family_non_member
generics	Reflection boundary	advanced	NONE	NONE	No reflect:: surface exists in the corpus
generics	Requirements and conformance evidence	typical	generics,traits	generics,traits	pass: generics/generic_machine_where_trait_bound (`T satisfies CounterLike`), machine_bound_satisfied_at_call, traits/trait_generic_bound_static_dispatch, generic_trait_parent_binds_requirement; fail: generics/machine_bound_violated_at_call, machine_bound_value_call_unchecked, generic_machine_where_machine_requirement (no anonymous member requirement), traits/trait_satisfies_arity_mismatch
generics	Static machine binder categories	advanced	effects,proofs,generics,float,blockexec,tasks	generics,proofs,drops,tasks	pass: effects/nominal_callback_const_reach (`where machine Step satisfies ...`), structural_callback_reach, float/runtime_total_order_satisfiers_exit (structural callable), generics/nominal_machine_parameter_satisfaction_compile, proofs/named_witness_static_trait_*_compile, tasks/task_runtime_machine_selection_compile; fail: generics/nominal_binder_implicit_selection_rejected, nominal_binder_structural_coincidence_rejected, drops/authored_cleanup_static_argument_rejected, proofs/static_machine_selection_false_equality_rejected, tasks/task_runtime_provider_contract_narrowing. Declaration-identity binders only via layouts/private_callback_slot_demand_compile
generics	Invocation-lifetime families	advanced	NONE	NONE	No fixture binds fresh per-invocation lifetimes on a static callable requirement; no higher-ranked matching is exercised
generics	Nested contracts and proof families	advanced	proofs	proofs	pass: higher_order_machine_schema_compile (`where machine Schema<machine Inner>(...)`), quotient_machine_family_compile; fail: higher_order_machine_schema_contract_mismatch, higher_order_machine_forwarded_contract_mismatch. `u: core::Level` binder untested
generics	Publication and assumptions	meta	NONE	proofs	fail: proofs/generic_contract_pre_specialization_false_law_rejected (template proved before specialization; no laundering of admitted premises); no pass fixture checks public binder identity/category retention
lifetimes	Binders and source applications	advanced	borrow	borrow	pass: multi_source_view_lifetime_compile (`pick<'a>`), borrow_carrying_field_reassignment (`data View<'buf>`), multi_source_carrier_fields_compile; fail: undeclared_lifetime_tag, undeclared_lifetime_argument, lifetime_argument_arity, persistent_borrow_storage_requires_outlives
lifetimes	Returned views	advanced	borrow,calls	borrow	pass: explicit_aggregate_lifetime_selects_source, multi_lifetime_result_field_sources, nested_aggregate_result_unrelated_source_compile, calls/runtime_reference_returned_slice_element_write_exit; fail: view_return_ambiguous_ref_inputs (ambiguous elision), multi_lifetime_result_field_invalidated, nested_aggregate_result_invalidated
lifetimes	Carried-loan transport	advanced	borrow	borrow	pass: borrow_carrying_field_reassignment (assignment ends the overwritten field's loans), multi_source_carrier_fields_compile, runtime_view_of_view_chain_exit; fail: borrow_carrying_field_reassignment_invalidated, borrow_carrying_local_transfer_invalidated, nested_borrow_carrying_local_escape, aggregate_cast_loan_invalidated
machines	Call preconditions	core	constraints,dependent,domains,proofs	constraints,dependent,domains,proofs,termination	pass: constraints/scalar_requires_satisfied_by_literal, dependent/runtime_requires_guarded_call_exit, domains/call_requires_satisfied_by_caller_requires, proofs/signature_call_premises, mathematical_call_premises; fail: constraints/scalar_requires_unproven_literal, dependent/requires_call_unproven_rejected, domains/call_requires_unproven, proofs/contract_call_missing_premise, mathematical_call_missing_premise, termination/cross_machine_tail_requires
machines	Supply	typical	providers,capabilities,float,operators	providers,termination,float,calls,capabilities	pass: providers/external_leaf_{syscall,dllimport,via}_compile, capabilities/external_leaf_binding_forms, float/foreign_control_state_restore (evaluated `via` binding), operators/crash_routes (Binding::CompilerIntrinsic); fail: providers/via_*_rejected, free_adapter_rejected, service_authored_lookalike_not_privileged, termination/nat_descending_lookalike_grants_no_primitive, float/float_meaning_lookalike_grants_no_primitive, calls/empty_body_return_machine_rejected, capabilities/native_*_external_leaf_rejected
machines	Substitution	typical	providers,traits,capabilities	providers,traits,capabilities,tasks	pass: providers/adapter_satisfies_compile (reach refines ceiling), capabilities/provider_within_ceiling, traits/trait_satisfies_machine_signature; fail: providers/checked_boundary_operator_stronger_requires, adapter_hidden_effect, capabilities/provider_widens_requirement_ceiling, traits/trait_satisfies_parameter_mismatch, tasks/task_runtime_provider_contract_narrowing (callback ceiling axis)
machines	States and identity	core	control_flow,termination	control_flow,calls	pass: control_flow/state_transition_chain, runtime_loop_patterns_exit (10000 self-transitions, no frame growth), entry_parameter_explicit_state_forwarding, termination/rank_range_state_cycle; fail: control_flow/bare_state_arrow_transition, transition_empty_arms_rejected, calls/free_machine_named_transition_rejected
modules	Names and imports	core	modules,domains	modules,domains,expressions	pass: module_declaration, package_declaration, use_imports_sibling_data, use_imports_sibling_trait, qualified_declarations (`::` static vs `.` value), domains/domain_import_valid, module_domain_carrier_qualified_import; fail: modules/use_unresolved_path, domains/domain_import_unknown, module_domain_broad_import_hides_leaf, expressions/undeclared_two_segment_path_rejected
modules	Resolution	core	modules,arithmetic,constants	modules,calls,arithmetic,data	pass: modules/qualified_declarations, arithmetic/bare_name_scopes, constants/free_const_local_shadowing (locals before imports); fail: modules/ambiguous_imported_data, imported_name_collides_with_local_data_rejected, duplicate_imported_machine_overload_rejected, calls/recursive_argument_imported_name_collision_rejected, arithmetic/undeclared_bare_name_rejected, data/builtin_type_name_shadow
modules	Visibility	core	modules,domains	modules,domains	pass: modules/pub_visibility_modifier, domains/transparent_alias_expansion (pub domain); fail: modules/boundary_signature_selects_private_data, module_array_private_carrier, domains/domain_alias_publishes_private_constituent. `pub measure` rejection untested
modules	Public structural data	core	modules	modules	pass: use_imports_sibling_data (field writes on an imported Point); fail: boundary_signature_selects_private_data, module_array_private_carrier
numeric_values	Literal landing and destinations	core	arithmetic,expressions,float,constraints	arithmetic,float,constraints,expressions,modules	pass: arithmetic/anonymous_rational_integer_landing (7 / 2 * 2 lands 7), suffix_boundary_magnitudes_exit, expressions/integer_literal_suffix, float_literal_suffix, float/suffix_f32_single_rounding_exit, constraints/anonymous_integer_local_landing; fail: arithmetic/fractional_integer_landing, suffix_type_disagrees_rejected, anonymous_remainder_rejected, u64_literal_into_i64_rejected, float/suffix_format_disagrees_rejected, constraints/anonymous_integer_local_range, expressions/real_literal_suffix_retired, modules/match_initializer_fraction. Fractional-intermediate warning untested
numeric_values	Arithmetic and comparisons	core	arithmetic,expressions,operators,range	arithmetic,expressions,constraints,ranges	pass: arithmetic/runtime_saturating_domain_exit, wrapping_signed_divide_min_by_neg_one, runtime_shift_count_domain_exit, typed_integer_remainder, runtime_signed_modulo_shift_edges_exit, expressions/arithmetic_domain_trapping_overflow, operators/runtime_bitwise_operators_exit; fail: arithmetic/divide_by_zero_rejected, exact_shift_count_unproven, bitwise_result_overflow, narrowing_wide_local_unproven, expressions/arithmetic_domain_mixed, mismatched_width_bitwise_rejected, ranges/exact_range_unproven_local_rejected
numeric_values	Floating formats and operations	typical	float,arithmetic,expressions	float,arithmetic,expressions	pass: float/runtime_policy_adapter_matrix_exit, runtime_total_order_satisfiers_exit, named_provider_fused_multiply_add_exit, runtime_named_float_to_integer_conversion_exit, foreign_control_state_restore (controls restored), arithmetic/runtime_float_nan_comparison_exit, expressions/match_float_patterns; fail: float/named_float_to_integer_wrapping_rejected, exclusive_float_range_endpoint_rejected, named_argument_format_rejected, arithmetic/float_wrapping_domain_rejected, float_to_int_exact_unproven, expressions/float_bitwise_rejected, match_float_equality_requires
numeric_values	Collection bounds	core	slices,ranges,collections	slices,ranges	pass: slices/signed_index_and_range_lower_bounds, guarded_slice_parameter_bounded_subslice_compile, ranges/sum_payload_range_narrowed_exit, collections/runtime_nested_array_const_index_exit (per-level extents); fail: slices/signed_slice_range_upper_only, signed_array_range_upper_only, dynamic_subslice_start_unproven, ranges/index_signed_guard_below_zero
numeric_values	Status	meta	arithmetic	arithmetic	pass: const_fold_wrapping_narrow_exit, const_fold_saturating_narrow_exit (landed legs); fail: trapping_shift_requires_realization (refused leg). Documents the realization frontier, not a language rule
ownership	Property declarations	core	ownership,generics,data	data,generics,ownership	pass: ownership/linear_property_surface (`[linear]`, `T [linear]`), generics/property_bound_type_parameter (`T [copy]`), data/property_carry_declared; fail: data/property_copy_violation, property_unknown, property_sized_declared (derived, not authored), generics/property_bound_violated_at_instantiation, property_bound_missing_on_field, ownership/copy_linear_conflict
ownership	Establishment and erasure	core	ownership	ownership,relevance	pass: linear_zero_storage_unestablished (ZII mints no obligation), conditional_linear_sum (`Empty | Live`), linear_assignment_establishes; fail: linear_zero_storage_not_established, conditional_linear_zero_storage_not_established, relevance/erased_local_runtime_read
ownership	Paths and control flow	core	ownership	ownership,collections	pass: linear_branch_reconciliation, linear_returned_obligation, linear_ambiguous_state_result_mapping, conditional_linear_payload_extraction, linear_transparent_record_frontier; fail: linear_second_transfer, linear_mixed_branch_treatment, linear_scope_loss, linear_transparent_record_duplicate_move, collections/vec_duplicate_cleanup. Process-exit frontier non-merge untested
ownership	Borrows and aliases	core	borrows,borrow,parameters	borrows,borrow	pass: borrows/borrow_unique, borrow_disjoint_fixed_index_mut, borrow/write_only_record_field_replace (`&write`), write_only_byte_range, parameters/shared_and_mut_borrow_params_compile; fail: borrows/borrow_duplicate_mut, borrow_mut_and_read, borrow_local_alias_active, borrow/write_only_observation, write_only_implicit_attenuation, write_only_mutable_widening
ownership	Borrowed-storage invariant windows	typical	NONE	ownership	fail: borrowed_storage_early_return_hole, _missing_repair_on_branch, _stale_read_in_hole, _repeated_extraction, _boundary_call, _contained_loan, _recoverable_failure. No pass fixture demonstrates a move-out-then-restore closing a window (blockexec/blocking_executor_linear_slot_swap_compile replaces the whole sum precisely to avoid one)
ownership	Consumers and cleanup	typical	drops,ownership	drops,ownership,collections	pass: drops/core_drop_owner_hook, cleanup_machine_drop_shape, nonempty_drop_body, drop_ensures_body, ownership/linear_transfer_and_consume (bare `self` consumer), linear_fresh_state_call_result_handoff; fail: drops/authored_cleanup_forwarded_reference_rejected, drop_ensures_unlocked_predicate, drop_nonblocking_effect_unknown, ownership/linear_live_overwrite, collections/vec_duplicate_cleanup. `move self` spelling and task abandonment untested
ownership	Construction and disposal order	typical	NONE	NONE	No fixture observes reverse-declaration cleanup order, partial-construction disposal order, or fixed-array residual cleanup order; drops/transfer_cleanup_into_state only transfers an obligation across a transition
ownership	Content and carry	advanced	core,data,effects	core	pass: core/content_conservation_contract (Content<A>::project, separate), content_projection_owner, content_retained_custody_round_trip, carry_permission_provider_adapter, data/property_carry_declared, effects/structural_callback_reach; fail: core/content_conservation_unqualified_place, content_projection_duplicate, content_projection_foreign_owner, content_retained_custody_from_borrow, carry_permission_adapter_direct_call_does_not_grant
patterns	Pattern subjects and bindings	core	control_flow,data,expressions	control_flow,data	pass: control_flow/arm_pattern_rest_optout_exit (`..`, `as`, `as _`, `field: value`), record_pattern_arm_rename_guard_exit, runtime_tuple_case_destructure_exit, data/record_pattern_bind_all_exit, expressions/owned_match_record_values; fail: control_flow/arm_pattern_missing_field, arm_pattern_rest_unknown_field, arm_pattern_waived_field_use, tuple_destructure_duplicate_binding_rejected, data/record_pattern_unknown_field
patterns	Coverage and domain tests	core	control_flow,data,domains,versioning	control_flow,data,domains	pass: control_flow/runtime_tuple_matrix_exhaustive_exit, runtime_sum_tuple_matrix_exhaustive_exit, data/match_exhaustive_by_cases, match_exhaustive_by_case_union_domain, match_default_satisfies_exhaustiveness, domains/match_domain_patterns (first-match order), versioning/versioned_match_all_eras_exhaustive; fail: control_flow/sum_tuple_matrix_uncovered_rejected, tuple_transition_uncovered_rejected, transition_fall_through_value_match, data/match_nonexhaustive_cases, match_predicate_domain_needs_default, domains/domain_pattern_payload_binding_rejected
process_exit	Canonical boundary and authority	core	host	NONE	pass: host/process_exit_i32_status (Service<ProcessExit>, exact canonical requirement); no fail fixture rejects exit without domain-bound authority or a same-spelled user `exit_process`
process_exit	Progress and conditional calls	meta	host	NONE	pass: host/process_exit_i32_status, process_exit_i32_status_mapped (`terminates` with a conditional exit branch beside a returning branch); no fail fixture
process_exit	Abandonment and survivors	meta	NONE	NONE	No fixture exits with an outstanding linear obligation to pin abandonment-without-merge; every ownership fixture consumes before exit_process
process_exit	Graceful completion and cleanup	typical	NONE	NONE	No fixture pins that a cleanup hook may not reach ProcessExit or that entry return must settle activations; drops/drop_nonblocking_effect_unknown only rejects an unknown service name
process_exit	Verification and implementation boundary	meta	host	NONE	pass: host/runtime_console_exit_i32_status (i32 status normalized to the OS status), process_exit_i32_status_ordered; no fail fixture (fail/host/terminal_host_call_value is a native-lowering wall, not exit semantics)
reflection	Semantic descriptions	advanced	NONE	NONE	No reflect::schema / TypeSchema / type_key in the corpus; the only `schema` identifiers are unrelated machine names in proofs/higher_order_machine_schema_compile
reflection	Schema and layout	advanced	NONE	NONE	layouts group exercises layout::Schema/Plan only (runtime_plan_laid_*); no reflect::TypeSchema-to-layout correspondence fixture
reflection	Access owner and delegation	advanced	NONE	NONE	No reflection surface in the corpus
reflection	Typed runtime visitation	advanced	NONE	NONE	No visit_runtime_fields fixture
reflection	Sum coverage	advanced	NONE	NONE	No reflection visitor fixture
reflection	Explicit operation selection	advanced	NONE	NONE	No selection-receiver fixture; the only `select<` is borrow/explicit_aggregate_lifetime_selects_source's machine name
reflection	Selection evaluation and retained results	advanced	NONE	NONE	No reflection policy evaluation fixture
reflection	Contracts, recursion, and resources	advanced	NONE	NONE	No reflection fixture; tail-position recursion is covered under termination row 116
reflection	Runtime descriptions and Placed access	advanced	NONE	NONE	No reflect::metadata fixture; core/placement_vocabulary_core_surface covers placed-access vocabulary only, not reflection
reflection	Construction and editing	advanced	NONE	NONE	No reflection fixture
reflection	Embedded inspection and edits	advanced	NONE	NONE	No embedding/reflection fixture
reflection	Compiler ownership	meta	NONE	NONE	No reflection fixture
state_contracts	Bindings and arrivals	core	control_flow,constraints,dependent	control_flow,constraints,dependent	pass: control_flow/entry_parameter_explicit_state_forwarding, entry_local_member_access_in_nested_state, constraints/state_argument_value_snapshots (scalar snapshots survive later argument writes), dependent/state_arrival_contract_guarded_compile; fail: control_flow/implicit_entry_{local,parameter,receiver,contract,write}_capture (no recovery by spelling), constraints/state_argument_value_reread, transition_mutated_argument, dependent/state_arrival_contract_unproven_rejected
state_contracts	Mutation and subject identity	core	dependent,domains,constraints,range	arithmetic,dependent,domains,range,constraints,termination	pass: dependent/call_frame_preserves_disjoint_fact_compile, domains/call_requires_preserved_across_disjoint_mutation, constraints/computed_local_value_transport, range/runtime_guarded_copy_narrowing_exit; fail: arithmetic/stale_named_state_call_bound, guard_invalidated_by_prior_write_rejected, dependent/*_invalidates_written_fact_rejected, domains/*_invalidated_by_mutation, range/guarded_copy_stale_after_write, constraints/computed_local_value_invalidated, termination/rank_range_subject_intervening_write
state_contracts	Returns and proof use	core	constraints,domains,proofs	constraints,domains,proofs,calls	pass: constraints/selected_arithmetic_return_ensures, scalar_ensures_field_contract_surface, guarded_integer_return_landing, domains/exit_ensures_preserved_from_entry, proofs/accumulator_guarantee_exit; fail: constraints/selected_arithmetic_return_wrong_ensures, anonymous_integer_return_wrong_ensures, domains/exit_ensures_unproven, proofs/structural_ensures_unjudged_rejected, calls/terminal_return_type_mismatch_rejected
termination	Published guarantees and private witnesses	meta	termination	termination	pass: inherited_requirement_guarantee_compile (`terminates;` on the requirement, witness on the satisfier), inherited_acyclic_requirement_guarantee_compile; fail: requirement_witness_rejected, retired_block_form, standalone_decreases_retired, subtraction_spelling_retired, terminates_block_form_retired. `pub measure` rejection and cross-package recursion untested
termination	Ranking	typical	termination,control_flow,calls	termination	pass: custom_ranking_order_compile, joint_lexicographic_machine_call_cycle_compile, default_order_{slice_length,nat_countdown,bounded_distance}_compile, increasing_cursor_rank_range, control_flow/termination_countdown_compile, calls/mutual_cycle_tail_admitted_exit; fail: custom_ranking_order_{unknown,wrong_arity,non_numeric}, default_order_ambiguous, increasing_unbounded_rejected, bounded_distance_inverted, mutual_recursion_no_decrease, lexicographic_component_zero_step_rejected
termination	Calls and productive loops	core	calls,termination,control_flow,comptime	calls,termination,control_flow	pass: calls/runtime_measured_tail_recursion_exit, runtime_terminal_tail_recursion_exit, termination/runtime_shrinking_slice_recursion_exit, control_flow/runtime_loop_patterns_exit (productive self-transition loop, no promise), comptime/runtime_const_measured_recursion_exit; fail: calls/nontail_value_self_call_rejected, machine_call_cycle_rejected, statement_tail_self_call_rejected, termination/runtime_non_tail_joint_machine_cycle, control_flow/termination_cycle_missing_decreases
termination	Ranked callees on projected receivers	advanced	termination	termination	pass: ranked_callee_projected_receiver_compile (`self.cursor.step(...)` keeps the projected referent as `self`), measure_borrowed_projection; fail: measure_borrowed_projection_rebound, measure_borrowed_projection_range_endpoint_changed
termination	Opaque progress profiles	advanced	progress	proofs	pass: progress/provider_receiver_progress_installation (`satisfies ProgressProfile established by`, `requires self in WeakFair`); fail: proofs/quotient_lift_unproved_termination_rejected (progress-conditional termination is not unconditional)
termination	Subject preservation	advanced	termination	termination	pass: stored_reference_endpoint_arrivals, measure_borrowed_projection_range, rank_range_record_stepped_copy, rank_range_state_call_invariant; fail: stored_reference_endpoint_reseat, rank_range_call_stepped_copy_stale, rank_range_record_stepped_copy_divergent, rank_range_state_call_carried_increase, measure_nested_projection_range_limit_written
termination	Composition and limits	meta	progress	NONE	PARTIAL: progress/provider_receiver_progress_installation composes the profile through build.select_provider + roots.bind; no fixture pins receipt/route rebinding rules or logical-work limits
